date	dosen_kumulativ	dosen_biontech_kumulativ	dosen_biontech_erst_kumulativ	dosen_biontech_zweit_kumulativ	dosen_biontech_dritt_kumulativ	dosen_moderna_kumulativ	dosen_moderna_erst_kumulativ	dosen_moderna_zweit_kumulativ	dosen_moderna_dritt_kumulativ	dosen_astra_kumulativ	dosen_astra_erst_kumulativ	dosen_astra_zweit_kumulativ	dosen_astra_dritt_kumulativ	dosen_johnson_kumulativ	dosen_johnson_erst_kumulativ	dosen_johnson_zweit_kumulativ	dosen_johnson_dritt_kumulativ	dosen_erst_kumulativ	dosen_zweit_kumulativ	dosen_dritt_kumulativ	dosen_differenz_zum_vortag	dosen_erst_differenz_zum_vortag	dosen_zweit_differenz_zum_vortag	dosen_dritt_differenz_zum_vortag	dosen_vollstaendig_differenz_zum_vortag	personen_erst_kumulativ	personen_voll_kumulativ	personen_auffrisch_kumulativ	impf_quote_erst	impf_quote_voll	dosen_dim_kumulativ	dosen_kbv_kumulativ	indikation_alter_dosen	indikation_beruf_dosen	indikation_medizinisch_dosen	indikation_pflegeheim_dosen	indikation_alter_erst	indikation_beruf_erst	indikation_medizinisch_erst	indikation_pflegeheim_erst	indikation_alter_voll	indikation_beruf_voll	indikation_medizinisch_voll	indikation_pflegeheim_voll
2020-12-27	24355	24349	24338	11	0	6	6	0	0	0	0	0	0	0	0	0	0	24344	11	0	24355	24344	11	0	11	24344	11	0	0.00029	0	0	0	0	0	0	0	0	0	0	0	0	0	0	0
2020-12-28	42459	42453	42377	76	0	6	6	0	0	0	0	0	0	0	0	0	0	42383	76	0	18104	18039	65	0	65	42383	76	0	0.00051	0	0	0	0	0	0	0	0	0	0	0	0	0	0	0
2020-12-29	93184	93177	92447	729	1	6	6	0	0	1	1	0	0	0	0	0	0	92454	729	1	50725	50071	653	1	653	92454	729	1	0.00111	0.00001	0	0	0	0	0	0	0	0	0	0	0	0	0	0
2020-12-30	157312	157305	156543	761	1	6	6	0	0	1	1	0	0	0	0	0	0	156550	761	1	64128	64096	32	0	32	156550	761	1	0.00188	0.00001	0	0	0	0	0	0	0	0	0	0	0	0	0	0
2020-12-31	207323	207316	206467	848	1	6	6	0	0	1	1	0	0	0	0	0	0	206474	848	1	50011	49924	87	0	87	206474	848	1	0.00248	0.00001	0	0	0	0	0	0	0	0	0	0	0	0	0	0
2021-01-01	232824	232807	231951	854	2	12	12	0	0	4	3	1	0	1	1	0	0	231967	855	2	25501	25493	7	1	8	231967	856	2	0.00279	0.00001	0	0	0	0	0	0	0	0	0	0	0	0	0	0
2021-01-02	280910	280893	279959	932	2	12	12	0	0	4	3	1	0	1	1	0	0	279975	933	2	48086	48008	78	0	78	279975	934	2	0.00337	0.00001	0	0	0	0	0	0	0	0	0	0	0	0	0	0
2021-01-03	303469	303450	302512	936	2	14	14	0	0	4	3	1	0	1	1	0	0	302530	937	2	22559	22555	4	0	4	302530	938	2	0.00364	0.00001	0	0	0	0	0	0	0	0	0	0	0	0	0	0
2021-01-04	349656	349609	348573	1034	2	25	24	1	0	4	3	1	0	18	18	0	0	348618	1036	2	46187	46088	99	0	116	348618	1054	2	0.00419	0.00001	0	0	0	0	0	0	0	0	0	0	0	0	0	0
2021-01-05	402352	402304	401181	1121	2	26	25	1	0	4	3	1	0	18	18	0	0	401227	1123	2	52696	52609	87	0	87	401227	1141	2	0.00483	0.00001	0	0	0	0	0	0	0	0	0	0	0	0	0	0
2021-01-06	465505	465448	464238	1208	2	32	31	1	0	7	5	2	0	18	18	0	0	464292	1211	2	63153	63065	88	0	88	464292	1229	2	0.00558	0.00001	0	0	0	0	0	0	0	0	0	0	0	0	0	0
2021-01-07	520296	520231	519001	1228	2	37	36	1	0	9	7	2	0	19	19	0	0	519063	1231	2	54791	54771	20	0	21	519063	1250	2	0.00624	0.00002	0	0	0	0	0	0	0	0	0	0	0	0	0	0
2021-01-08	583114	582997	581664	1331	2	88	87	1	0	10	8	2	0	19	19	0	0	581778	1334	2	62818	62715	103	0	103	581778	1353	2	0.007	0.00002	0	0	0	0	0	0	0	0	0	0	0	0	0	0
2021-01-09	643843	643722	642246	1474	2	91	90	1	0	11	8	3	0	19	19	0	0	642363	1478	2	60729	60585	144	0	144	642363	1497	2	0.00772	0.00002	0	0	0	0	0	0	0	0	0	0	0	0	0	0
2021-01-10	679823	679692	678104	1586	2	100	97	3	0	12	9	3	0	19	19	0	0	678229	1592	2	35980	35866	114	0	114	678229	1611	2	0.00816	0.00002	0	0	0	0	0	0	0	0	0	0	0	0	0	0
2021-01-11	748087	747940	746298	1640	2	114	111	3	0	14	11	3	0	19	19	0	0	746439	1646	2	68264	68210	54	0	54	746439	1665	2	0.00898	0.00002	0	0	0	0	0	0	0	0	0	0	0	0	0	0
2021-01-12	827214	827047	825341	1704	2	131	128	3	0	17	14	3	0	19	19	0	0	825502	1710	2	79127	79063	64	0	64	825502	1729	2	0.00993	0.00002	0	0	0	0	0	0	0	0	0	0	0	0	0	0
2021-01-13	939364	938018	936111	1905	2	1310	1307	3	0	17	14	3	0	19	19	0	0	937451	1911	2	112150	111949	201	0	201	937451	1930	2	0.01127	0.00002	0	0	0	0	0	0	0	0	0	0	0	0	0	0
2021-01-14	1023470	1016964	1014865	2097	2	6470	6446	24	0	17	14	3	0	19	19	0	0	1021344	2124	2	84106	83893	213	0	213	1021344	2143	2	0.01228	0.00003	0	0	0	0	0	0	0	0	0	0	0	0	0	0
2021-01-15	1115267	1103462	1100444	3016	2	11748	11724	24	0	36	33	3	0	21	21	0	0	1112222	3043	2	91797	90878	919	0	921	1112222	3064	2	0.01338	0.00004	0	0	0	0	0	0	0	0	0	0	0	0	0	0
2021-01-16	1173330	1159838	1155598	4238	2	13433	13409	24	0	37	34	3	0	22	22	0	0	1169063	4265	2	58063	56841	1222	0	1223	1169063	4287	2	0.01406	0.00005	0	0	0	0	0	0	0	0	0	0	0	0	0	0
2021-01-17	1221131	1206375	1185123	21250	2	14695	14671	24	0	38	35	3	0	23	23	0	0	1199852	21277	2	47801	30789	17012	0	17013	1199852	21300	2	0.01443	0.00026	0	0	0	0	0	0	0	0	0	0	0	0	0	0
2021-01-18	1304121	1285106	1248224	36880	2	18953	18927	26	0	39	36	3	0	23	23	0	0	1267210	36909	2	82990	67358	15632	0	15632	1267210	36932	2	0.01524	0.00044	0	0	0	0	0	0	0	0	0	0	0	0	0	0
2021-01-19	1423828	1400995	1328035	72958	2	22720	22688	32	0	90	87	3	0	23	23	0	0	1350833	72993	2	119707	83623	36084	0	36084	1350833	73016	2	0.01624	0.00088	0	0	0	0	0	0	0	0	0	0	0	0	0	0
2021-01-20	1556609	1530933	1404193	126738	2	25559	25527	32	0	94	91	3	0	23	23	0	0	1429834	126773	2	132781	79001	53780	0	53780	1429834	126796	2	0.01719	0.00152	0	0	0	0	0	0	0	0	0	0	0	0	0	0
2021-01-21	1662151	1633656	1465985	167668	3	28376	28344	32	0	96	92	4	0	23	23	0	0	1494444	167704	3	105542	64610	40931	1	40931	1494444	167727	3	0.01797	0.00202	0	0	0	0	0	0	0	0	0	0	0	0	0	0
2021-01-22	1764483	1733783	1532517	201263	3	30568	30533	35	0	109	105	4	0	23	23	0	0	1563178	201302	3	102332	68734	33598	0	33598	1563178	201325	3	0.0188	0.00242	0	0	0	0	0	0	0	0	0	0	0	0	0	0
2021-01-23	1851531	1820473	1572655	247815	3	30923	30887	36	0	112	108	4	0	23	23	0	0	1603673	247855	3	87048	40495	46553	0	46553	1603673	247878	3	0.01929	0.00298	0	0	0	0	0	0	0	0	0	0	0	0	0	0
2021-01-24	1899356	1868095	1598137	269955	3	31122	31086	36	0	116	112	4	0	23	23	0	0	1629358	269995	3	47825	25685	22140	0	22140	1629358	270018	3	0.01959	0.00325	0	0	0	0	0	0	0	0	0	0	0	0	0	0
2021-01-25	1990367	1957652	1648956	308693	3	32573	32534	39	0	119	115	4	0	23	23	0	0	1681628	308736	3	91011	52270	38741	0	38741	1681628	308759	3	0.02022	0.00371	0	0	0	0	0	0	0	0	0	0	0	0	0	0
2021-01-26	2088773	2054611	1698183	356421	7	34013	33968	45	0	126	122	4	0	23	23	0	0	1732296	356470	7	98406	50668	47734	4	47734	1732296	356493	7	0.02083	0.00429	0	0	0	0	0	0	0	0	0	0	0	0	0	0
2021-01-27	2198188	2162225	1747330	414888	7	35805	35749	56	0	134	130	4	0	24	24	0	0	1783233	414948	7	109415	50937	58478	0	58479	1783233	414972	7	0.02144	0.00499	0	0	0	0	0	0	0	0	0	0	0	0	0	0
2021-01-28	2290716	2253121	1792598	460516	7	37434	37290	144	0	137	133	4	0	24	24	0	0	1830045	460664	7	92528	46812	45716	0	45716	1830045	460688	7	0.02201	0.00554	0	0	0	0	0	0	0	0	0	0	0	0	0	0
2021-01-29	2398422	2359276	1840869	518400	7	38914	38769	145	0	208	204	4	0	24	24	0	0	1879866	518549	7	107706	49821	57885	0	57885	1879866	518573	7	0.02261	0.00624	0	0	0	0	0	0	0	0	0	0	0	0	0	0
2021-01-30	2486523	2446492	1874593	571892	7	39794	39647	147	0	211	206	5	0	26	26	0	0	1914472	572044	7	88101	34606	53495	0	53497	1914472	572070	7	0.02302	0.00688	0	0	0	0	0	0	0	0	0	0	0	0	0	0
2021-01-31	2543745	2503331	1899969	603355	7	40172	40025	147	0	216	210	6	0	26	26	0	0	1940230	603508	7	57222	25758	31464	0	31464	1940230	603534	7	0.02333	0.00726	0	0	0	0	0	0	0	0	0	0	0	0	0	0
2021-02-01	2663884	2621203	1955960	665235	8	42384	42235	149	0	271	265	6	0	26	26	0	0	1998486	665390	8	120139	58256	61882	1	61882	1998486	665416	8	0.02403	0.008	0	0	0	0	0	0	0	0	0	0	0	0	0	0
2021-02-02	2796690	2750856	2018331	732517	8	45516	45366	150	0	292	286	6	0	26	26	0	0	2064009	732673	8	132806	65523	67283	0	67283	2064009	732699	8	0.02482	0.00881	0	0	0	0	0	0	0	0	0	0	0	0	0	0
2021-02-03	2959666	2907409	2076494	830907	8	51913	51756	157	0	318	312	6	0	26	26	0	0	2128588	831070	8	162976	64579	98397	0	98397	2128588	831096	8	0.0256	0.00999	0	0	0	0	0	0	0	0	0	0	0	0	0	0
2021-02-04	3094243	3036081	2132667	903405	9	57810	57649	161	0	326	320	6	0	26	26	0	0	2190662	903572	9	134577	62074	72502	1	72502	2190662	903598	9	0.02634	0.01087	0	0	0	0	0	0	0	0	0	0	0	0	0	0
2021-02-05	3241790	3177149	2195687	981453	9	64281	63986	295	0	334	327	7	0	26	26	0	0	2260026	981755	9	147547	69364	78183	0	78183	2260026	981781	9	0.02718	0.01181	0	0	0	0	0	0	0	0	0	0	0	0	0	0
2021-02-06	3335936	3268661	2238650	1030002	9	66914	66619	295	0	335	328	7	0	26	26	0	0	2305623	1030304	9	94146	45597	48549	0	48549	2305623	1030330	9	0.02773	0.01239	0	0	0	0	0	0	0	0	0	0	0	0	0	0
2021-02-07	3389501	3319890	2264604	1055277	9	69247	68951	296	0	337	330	7	0	27	27	0	0	2333912	1055580	9	53565	28289	25276	0	25277	2333912	1055607	9	0.02807	0.01269	0	0	0	0	0	0	0	0	0	0	0	0	0	0
2021-02-08	3498977	3425500	2313769	1111722	9	73082	72785	297	0	367	360	7	0	28	28	0	0	2386942	1112026	9	109476	53030	56446	0	56447	2386942	1112054	9	0.0287	0.01337	0	0	0	0	0	0	0	0	0	0	0	0	0	0
2021-02-09	3633564	3556458	2370565	1185883	10	76525	76037	488	0	553	546	7	0	28	28	0	0	2447176	1186378	10	134587	60234	74352	1	74352	2447176	1186406	10	0.02943	0.01427	0	0	0	0	0	0	0	0	0	0	0	0	0	0
2021-02-10	3789064	3699273	2436656	1262607	10	80817	79343	1474	0	8945	8927	18	0	29	29	0	0	2524955	1264099	10	155500	77779	77721	0	77722	2524955	1264128	10	0.03036	0.0152	0	0	0	0	0	0	0	0	0	0	0	0	0	0
2021-02-11	3933611	3820108	2491561	1328537	10	88133	83613	4520	0	25339	25300	39	0	31	31	0	0	2600505	1333096	10	144547	75550	68997	0	68999	2600505	1333127	10	0.03127	0.01603	0	0	0	0	0	0	0	0	0	0	0	0	0	0
2021-02-12	4089833	3952538	2553086	1399442	10	97507	88256	9251	0	39754	39388	366	0	34	34	0	0	2680764	1409059	10	156222	80259	75963	0	75966	2680764	1409093	10	0.03224	0.01695	0	0	0	0	0	0	0	0	0	0	0	0	0	0
2021-02-13	4197682	4043705	2600075	1443620	10	100772	89972	10800	0	53170	52734	436	0	35	35	0	0	2742816	1454856	10	107849	62052	45797	0	45798	2742816	1454891	10	0.03298	0.0175	0	0	0	0	0	0	0	0	0	0	0	0	0	0
2021-02-14	4263141	4099380	2631151	1468219	10	103254	91244	12010	0	60471	60014	457	0	36	36	0	0	2782445	1480686	10	65459	39629	25830	0	25831	2782445	1480722	10	0.03346	0.01781	0	0	0	0	0	0	0	0	0	0	0	0	0	0
2021-02-15	4388989	4204345	2683518	1520817	10	108577	93530	15047	0	76020	75524	496	0	47	47	0	0	2852619	1536360	10	125848	70174	55674	0	55685	2852619	1536407	10	0.0343	0.01848	0	0	0	0	0	0	0	0	0	0	0	0	0	0
2021-02-16	4523811	4313257	2739428	1573819	10	114794	96295	18499	0	95712	95205	507	0	48	48	0	0	2930976	1592825	10	134822	78357	56465	0	56466	2930976	1592873	10	0.03525	0.01916	0	0	0	0	0	0	0	0	0	0	0	0	0	0
2021-02-17	4675670	4436085	2809053	1627022	10	122856	101133	21723	0	116680	116159	521	0	49	49	0	0	3026394	1649266	10	151859	95418	56441	0	56442	3026394	1649315	10	0.03639	0.01983	0	0	0	0	0	0	0	0	0	0	0	0	0	0
2021-02-18	4820539	4548705	2871938	1676757	10	131145	105833	25312	0	140635	140106	528	1	54	54	0	0	3117931	1702597	11	144869	91537	53331	1	53336	3117931	1702651	11	0.0375	0.02048	0	0	0	0	0	0	0	0	0	0	0	0	0	0
2021-02-19	4979615	4670083	2940603	1729470	10	141186	112807	28379	0	168291	167616	674	1	55	55	0	0	3221081	1758523	11	159076	103150	55926	0	55927	3221081	1758578	11	0.03874	0.02115	0	0	0	0	0	0	0	0	0	0	0	0	0	0
2021-02-20	5092101	4756740	2991399	1765331	10	145662	116848	28814	0	189642	188943	698	1	57	57	0	0	3297247	1794843	11	112486	76166	36320	0	36322	3297247	1794900	11	0.03965	0.02158	0	0	0	0	0	0	0	0	0	0	0	0	0	0
2021-02-21	5178115	4823294	3029821	1793463	10	149309	120336	28973	0	205454	204743	710	1	58	58	0	0	3354958	1823146	11	86014	57711	28303	0	28304	3354958	1823204	11	0.04035	0.02193	0	0	0	0	0	0	0	0	0	0	0	0	0	0
2021-02-22	5334781	4946892	3096857	1850025	10	158382	127620	30762	0	229448	228715	732	1	59	59	0	0	3453251	1881519	11	156666	98293	58373	0	58374	3453251	1881578	11	0.04153	0.02263	0	0	0	0	0	0	0	0	0	0	0	0	0	0
2021-02-23	5505351	5081202	3172272	1908920	10	165748	133320	32428	0	258341	257594	746	1	60	60	0	0	3563246	1942094	11	170570	109995	60575	0	60576	3563246	1942154	11	0.04285	0.02336	0	0	0	0	0	0	0	0	0	0	0	0	0	0
2021-02-24	5682390	5213309	3246645	1966653	11	173410	139294	34116	0	295610	294841	768	1	61	61	0	0	3680841	2001537	12	177039	117595	59443	1	59444	3680841	2001598	12	0.04426	0.02407	0	0	0	0	0	0	0	0	0	0	0	0	0	0
2021-02-25	5872694	5345259	3320792	2024456	11	180201	144554	35647	0	347173	346383	788	2	61	61	0	0	3811790	2060891	13	190304	130949	59354	1	59354	3811790	2060952	13	0.04584	0.02478	0	0	0	0	0	0	0	0	0	0	0	0	0	0
2021-02-26	6086741	5487169	3396764	2090394	11	189079	151818	37260	1	410432	409560	870	2	61	61	0	0	3958203	2128524	14	214047	146413	67633	1	67633	3958203	2128585	14	0.0476	0.0256	0	0	0	0	0	0	0	0	0	0	0	0	0	0
2021-02-27	6234844	5579927	3450462	2129454	11	193166	155171	37994	1	461689	460804	883	2	62	62	0	0	4066499	2168331	14	148103	108296	39807	0	39808	4066499	2168393	14	0.0489	0.02608	0	0	0	0	0	0	0	0	0	0	0	0	0	0
2021-02-28	6338334	5641573	3488278	2153271	24	197131	158782	38348	1	499566	498660	904	2	64	64	0	0	4145784	2192523	27	103490	79285	24192	13	24194	4145784	2192587	27	0.04986	0.02637	0	0	0	0	0	0	0	0	0	0	0	0	0	0
2021-03-01	6537677	5772603	3571348	2201231	24	206842	166468	40373	1	558168	557236	930	2	64	64	0	0	4295116	2242534	27	199343	149332	50011	0	50011	4295116	2242598	27	0.05165	0.02697	0	0	0	0	0	0	0	0	0	0	0	0	0	0
2021-03-02	6757839	5913511	3662930	2250557	24	216959	173687	43271	1	627305	626345	958	2	64	64	0	0	4463026	2294786	27	220162	167910	52252	0	52252	4463026	2294850	27	0.05367	0.0276	0	0	0	0	0	0	0	0	0	0	0	0	0	0
2021-03-03	7006368	6072128	3756719	2315385	24	232144	182978	49165	1	702032	701004	1026	2	64	64	0	0	4640765	2365576	27	248529	177739	70790	0	70790	4640765	2365640	27	0.05581	0.02845	0	0	0	0	0	0	0	0	0	0	0	0	0	0
2021-03-04	7252244	6214080	3840790	2373266	24	246663	192088	54574	1	791437	790355	1079	3	64	64	0	0	4823297	2428919	28	245876	182532	63343	1	63343	4823297	2428983	28	0.058	0.02921	0	0	0	0	0	0	0	0	0	0	0	0	0	0
2021-03-05	7527831	6362585	3927977	2434584	24	260060	199509	60550	1	905121	903888	1229	4	65	65	0	0	5031439	2496363	29	275587	208142	67444	1	67445	5031439	2496428	29	0.06051	0.03002	0	0	0	0	0	0	0	0	0	0	0	0	0	0
2021-03-06	7730678	6472034	3990956	2481054	24	268925	206133	62791	1	989654	988393	1257	4	65	65	0	0	5185547	2545102	29	202847	154108	48739	0	48739	5185547	2545167	29	0.06236	0.03061	0	0	0	0	0	0	0	0	0	0	0	0	0	0
2021-03-07	7878557	6551918	4039688	2512206	24	275603	210468	65134	1	1050971	1049685	1282	4	65	65	0	0	5299906	2578622	29	147879	114359	33520	0	33520	5299906	2578687	29	0.06374	0.03101	0	0	0	0	0	0	0	0	0	0	0	0	0	0
2021-03-08	8116813	6686349	4125684	2560641	24	286591	218089	68501	1	1143808	1142459	1345	4	65	65	0	0	5486297	2630487	29	238256	186391	51865	0	51865	5486297	2630552	29	0.06598	0.03163	0	0	0	0	0	0	0	0	0	0	0	0	0	0
2021-03-09	8369828	6826906	4214814	2612068	24	299394	227422	71971	1	1243463	1242046	1412	5	65	65	0	0	5684347	2685451	30	253015	198050	54964	1	54964	5684347	2685516	30	0.06836	0.0323	0	0	0	0	0	0	0	0	0	0	0	0	0	0
2021-03-10	8659758	6986775	4310874	2675877	24	311650	236094	75555	1	1361267	1359777	1483	7	66	66	0	0	5906811	2752915	32	289930	222464	67464	2	67465	5906811	2752981	32	0.07103	0.03311	0	0	0	0	0	0	0	0	0	0	0	0	0	0
2021-03-11	8944918	7134768	4402334	2732410	24	325430	245518	79911	1	1484654	1483087	1559	8	66	66	0	0	6131005	2813880	33	285160	224194	60965	1	60965	6131005	2813946	33	0.07373	0.03384	0	0	0	0	0	0	0	0	0	0	0	0	0	0
2021-03-12	9272553	7286647	4488098	2798525	24	342765	258244	84520	1	1643075	1641110	1957	8	66	66	0	0	6387518	2885002	33	327635	256513	71122	0	71122	6387518	2885068	33	0.07681	0.0347	0	0	0	0	0	0	0	0	0	0	0	0	0	0
2021-03-13	9513805	7402955	4555492	2847439	24	352358	266480	85877	1	1758426	1756340	2078	8	66	66	0	0	6578378	2935394	33	241252	190860	50392	0	50392	6578378	2935460	33	0.07911	0.0353	0	0	0	0	0	0	0	0	0	0	0	0	0	0
2021-03-14	9684256	7491205	4609040	2882141	24	357880	271025	86854	1	1835105	1832995	2100	10	66	66	0	0	6713126	2971095	35	170451	134748	35701	2	35701	6713126	2971161	35	0.08073	0.03573	0	0	0	0	0	0	0	0	0	0	0	0	0	0
2021-03-15	9933190	7644457	4704753	2939680	24	370639	282084	88554	1	1918028	1915846	2172	10	66	66	0	0	6902749	3030406	35	248934	189623	59311	0	59311	6902749	3030472	35	0.08301	0.03644	0	0	0	0	0	0	0	0	0	0	0	0	0	0
2021-03-16	10112711	7811469	4805950	3005495	24	381949	290892	91056	1	1919227	1917038	2179	10	66	66	0	0	7013946	3098730	35	179521	111197	68324	0	68324	7013946	3098796	35	0.08435	0.03727	0	0	0	0	0	0	0	0	0	0	0	0	0	0
2021-03-17	10318565	7998508	4916634	3081850	24	400012	304138	95873	1	1919979	1917782	2187	10	66	66	0	0	7138620	3179910	35	205854	124674	81180	0	81180	7138620	3179976	35	0.08585	0.03824	0	0	0	0	0	0	0	0	0	0	0	0	0	0
2021-03-18	10512602	8173154	5020733	3152397	24	418237	317107	101129	1	1921145	1918946	2189	10	66	66	0	0	7256852	3255715	35	194037	118232	75805	0	75805	7256852	3255781	35	0.08727	0.03915	0	0	0	0	0	0	0	0	0	0	0	0	0	0
2021-03-19	10758501	8359447	5129316	3230107	24	439112	331118	107993	1	1959876	1957583	2282	11	66	66	0	0	7418083	3340382	36	245899	161231	84667	1	84667	7418083	3340448	36	0.08921	0.04017	0	0	0	0	0	0	0	0	0	0	0	0	0	0
2021-03-20	10979353	8495118	5215465	3279629	24	454461	342633	111827	1	2029708	2027371	2325	12	66	66	0	0	7585535	3393781	37	220852	167452	53399	1	53399	7585535	3393847	37	0.09122	0.04081	0	0	0	0	0	0	0	0	0	0	0	0	0	0
2021-03-21	11144269	8597571	5282870	3314677	24	463675	348599	115075	1	2082956	2080591	2353	12	67	67	0	0	7712127	3432105	37	164916	126592	38324	0	38325	7712127	3432172	37	0.09274	0.04127	0	0	0	0	0	0	0	0	0	0	0	0	0	0
2021-03-22	11414235	8764499	5380551	3383924	24	487555	365061	122493	1	2162114	2159687	2412	15	67	67	0	0	7905366	3508829	40	269966	193239	76724	3	76724	7905366	3508896	40	0.09507	0.0422	0	0	0	0	0	0	0	0	0	0	0	0	0	0
2021-03-23	11715917	8946676	5483420	3463232	24	507338	379851	127486	1	2261835	2259325	2495	15	68	68	0	0	8122664	3593213	40	301682	217298	84384	0	84385	8122664	3593281	40	0.09768	0.04321	0	0	0	0	0	0	0	0	0	0	0	0	0	0
2021-03-24	12056317	9147624	5600098	3547502	24	540532	407712	132819	1	2368091	2365488	2588	15	70	70	0	0	8373368	3682909	40	340400	250704	89696	0	89698	8373368	3682979	40	0.1007	0.04429	0	0	0	0	0	0	0	0	0	0	0	0	0	0
2021-03-25	12390239	9334062	5710895	3623143	24	568250	429848	138401	1	2487856	2485107	2733	16	71	71	0	0	8625921	3764277	41	333922	252553	81368	1	81369	8625921	3764348	41	0.10373	0.04527	0	0	0	0	0	0	0	0	0	0	0	0	0	0
2021-03-26	12765696	9534577	5829304	3705249	24	605606	460375	145229	2	2625440	2622568	2856	16	73	73	0	0	8912320	3853334	42	375457	286399	89057	1	89059	8912320	3853407	42	0.10718	0.04634	0	0	0	0	0	0	0	0	0	0	0	0	0	0
2021-03-27	13047618	9684439	5919883	3764532	24	633315	484965	148348	2	2729789	2726836	2937	16	75	75	0	0	9131759	3915817	42	281922	219439	62483	0	62485	9131759	3915892	42	0.10982	0.04709	0	0	0	0	0	0	0	0	0	0	0	0	0	0
2021-03-28	13244383	9799966	5985412	3814530	24	651879	500248	151629	2	2792462	2789449	2997	16	76	76	0	0	9275185	3969156	42	196765	143426	53339	0	53340	9275185	3969232	42	0.11154	0.04773	0	0	0	0	0	0	0	0	0	0	0	0	0	0
2021-03-29	13550885	9989190	6092541	3896625	24	676909	518466	158441	2	2884710	2881625	3069	16	76	76	0	0	9492708	4058135	42	306502	217523	88979	0	88979	9492708	4058211	42	0.11416	0.0488	0	0	0	0	0	0	0	0	0	0	0	0	0	0
2021-03-30	13880818	10208430	6225392	3983013	25	701435	536504	164929	2	2970877	2967721	3139	17	76	76	0	0	9729693	4151081	44	329933	236985	92946	2	92946	9729693	4151157	44	0.11701	0.04992	0	0	0	0	0	0	0	0	0	0	0	0	0	0
2021-03-31	14218604	10457174	6380301	4076847	26	737669	564689	172978	2	3023685	3020480	3188	17	76	76	0	0	9965546	4253013	45	337786	235853	101932	1	101932	9965546	4253089	45	0.11984	0.05115	0	0	0	0	0	0	0	0	0	0	0	0	0	0
2021-04-01	14547026	10697649	6537452	4160171	26	770192	589309	180881	2	3079109	3075853	3239	17	76	76	0	0	10202690	4344291	45	328422	237144	91278	0	91278	10202690	4344367	45	0.12269	0.05224	0	0	0	0	0	0	0	0	0	0	0	0	0	0
2021-04-02	14773245	10877572	6653641	4223904	27	784611	599376	185233	2	3110986	3107699	3270	17	76	76	0	0	10360792	4412407	46	226219	158102	68116	1	68116	10360792	4412483	46	0.1246	0.05306	0	0	0	0	0	0	0	0	0	0	0	0	0	0
2021-04-03	15005742	11052198	6768536	4283635	27	800461	610368	190091	2	3153007	3149630	3360	17	76	76	0	0	10528610	4477086	46	232497	167818	64679	0	64679	10528610	4477162	46	0.12661	0.05384	0	0	0	0	0	0	0	0	0	0	0	0	0	0
2021-04-04	15199174	11184754	6854466	4330261	27	810537	616538	193997	2	3203807	3200377	3413	17	76	76	0	0	10671457	4527671	46	193432	142847	50585	0	50585	10671457	4527747	46	0.12833	0.05445	0	0	0	0	0	0	0	0	0	0	0	0	0	0
2021-04-05	15447639	11350147	6954263	4395856	28	828429	629642	198785	2	3268987	3265518	3449	20	76	76	0	0	10849499	4598090	50	248465	178042	70419	4	70419	10849499	4598166	50	0.13047	0.0553	0	0	0	0	0	0	0	0	0	0	0	0	0	0
2021-04-06	15821967	11605449	7123439	4481979	31	860676	653195	207479	2	3355764	3352212	3530	22	78	78	0	0	11128924	4692988	55	374328	279425	94898	5	94900	11128924	4693066	55	0.13383	0.05644	0	0	0	0	0	0	0	0	0	0	0	0	0	0
2021-04-07	16491054	12148262	7578408	4569822	32	897807	681713	216092	2	3444907	3441269	3616	22	78	78	0	0	11701468	4789530	56	669087	572544	96542	1	96542	11701468	4789608	56	0.14072	0.0576	0	0	0	0	0	0	0	0	0	0	0	0	0	0
2021-04-08	17191209	12720803	8072120	4648649	34	933513	708430	225081	2	3536814	3533089	3702	23	79	79	0	0	12313718	4877432	59	700155	612250	87902	3	87903	12313718	4877511	59	0.14808	0.05866	0	0	0	0	0	0	0	0	0	0	0	0	0	0
2021-04-09	17824599	13212058	8485808	4726216	34	970265	733722	236541	2	3642195	3638348	3824	23	81	81	0	0	12857959	4966581	59	633390	544241	89149	0	89151	12857959	4966662	59	0.15463	0.05973	0	0	0	0	0	0	0	0	0	0	0	0	0	0
2021-04-10	18197678	13460783	8677146	4783603	34	993535	749293	244240	2	3743279	3739363	3893	23	81	81	0	0	13165883	5031736	59	373079	307924	65155	0	65155	13165883	5031817	59	0.15833	0.06051	0	0	0	0	0	0	0	0	0	0	0	0	0	0
2021-04-11	18461992	13631407	8801361	4830012	34	1012230	764034	248194	2	3818274	3814280	3971	23	81	81	0	0	13379756	5082177	59	264314	213873	50441	0	50441	13379756	5082258	59	0.1609	0.06112	0	0	0	0	0	0	0	0	0	0	0	0	0	0
2021-04-12	18881428	13910613	9012604	4897975	34	1041516	784841	256673	2	3929217	3925167	4025	25	82	82	0	0	13722694	5158673	61	419436	342938	76496	2	76497	13722694	5158755	61	0.16503	0.06204	0	0	0	0	0	0	0	0	0	0	0	0	0	0
2021-04-13	19459198	14343395	9377229	4966131	35	1068864	806733	262129	2	4046857	4042606	4225	26	82	82	0	0	14226650	5232485	63	577770	503956	73812	2	73812	14226650	5232567	63	0.17109	0.06293	0	0	0	0	0	0	0	0	0	0	0	0	0	0
2021-04-14	20235866	14961192	9920745	5040410	37	1102471	831819	270650	2	4172121	4167295	4800	26	82	82	0	0	14919941	5315860	65	776668	693291	83375	2	83375	14919941	5315942	65	0.17942	0.06393	0	0	0	0	0	0	0	0	0	0	0	0	0	0
2021-04-15	20918049	15496750	10395561	5101152	37	1138735	859450	279283	2	4282481	4276693	5762	26	83	83	0	0	15531787	5386197	65	682183	611846	70337	0	70338	15531787	5386280	65	0.18678	0.06477	0	0	0	0	0	0	0	0	0	0	0	0	0	0
2021-04-16	21516414	15936236	10769969	5166229	38	1171423	883659	287762	2	4408672	4402059	6586	27	83	83	0	0	16055770	5460577	67	598365	523983	74380	2	74380	16055770	5460660	67	0.19308	0.06567	0	0	0	0	0	0	0	0	0	0	0	0	0	0
2021-04-17	21882992	16161350	10947002	5214309	39	1194144	899230	294912	2	4527415	4519326	8062	27	83	83	0	0	16365641	5517283	68	366578	309871	56706	1	56706	16365641	5517366	68	0.19681	0.06635	0	0	0	0	0	0	0	0	0	0	0	0	0	0
2021-04-18	22152938	16333622	11085276	5248305	41	1209562	910741	298819	2	4609671	4600400	9244	27	83	83	0	0	16596500	5556368	70	269946	230859	39085	2	39085	16596500	5556451	70	0.19959	0.06682	0	0	0	0	0	0	0	0	0	0	0	0	0	0
2021-04-19	22556449	16628340	11327731	5300565	44	1242556	935780	306773	3	4685469	4674855	10587	27	84	84	0	0	16938450	5617925	74	403511	341950	61557	4	61558	16938450	5618009	74	0.2037	0.06756	0	0	0	0	0	0	0	0	0	0	0	0	0	0
2021-04-20	23118651	17011339	11656573	5354721	45	1281876	968413	313459	4	4825350	4812645	12678	27	86	86	0	0	17437717	5680858	76	562202	499267	62933	2	62935	17437717	5680944	76	0.2097	0.06832	0	0	0	0	0	0	0	0	0	0	0	0	0	0
2021-04-21	23841200	17466807	12049275	5417486	46	1323633	1002020	321609	4	5050674	5035461	15186	27	86	86	0	0	18086842	5754281	77	722549	649125	73423	1	73423	18086842	5754367	77	0.21751	0.0692	0	0	0	0	0	0	0	0	0	0	0	0	0	0
2021-04-22	24481132	17849515	12375948	5473518	49	1367354	1038047	329303	4	5264177	5245289	18861	27	86	86	0	0	18659370	5821682	80	639932	572528	67401	3	67401	18659370	5821768	80	0.22439	0.07001	0	0	0	0	0	0	0	0	0	0	0	0	0	0
2021-04-23	25038665	18203629	12675087	5528492	50	1411007	1071152	339851	4	5423942	5401336	22579	27	87	87	0	0	19147662	5890922	81	557533	488292	69240	1	69241	19147662	5891009	81	0.23026	0.07084	0	0	0	0	0	0	0	0	0	0	0	0	0	0
2021-04-24	25404986	18438933	12869075	5569808	50	1460423	1105159	355260	4	5505543	5480500	25016	27	87	87	0	0	19454821	5950084	81	366321	307159	59162	0	59162	19454821	5950171	81	0.23396	0.07156	0	0	0	0	0	0	0	0	0	0	0	0	0	0
2021-04-25	25688424	18626931	13019625	5607256	50	1494151	1128995	365152	4	5567255	5540367	26861	27	87	87	0	0	19689074	5999269	81	283438	234253	49185	0	49185	19689074	5999356	81	0.23678	0.07215	0	0	0	0	0	0	0	0	0	0	0	0	0	0
2021-04-26	26122513	18945567	13276607	5668910	50	1536709	1163141	373564	4	5640079	5609136	30916	27	158	158	0	0	20049042	6073390	81	434089	359968	74121	0	74192	20049042	6073548	81	0.2411	0.07304	0	0	0	0	0	0	0	0	0	0	0	0	0	0
2021-04-27	26909279	19623232	13876274	5746903	55	1588288	1205583	382700	5	5697048	5661614	35407	27	711	711	0	0	20744182	6165010	87	786766	695140	91620	6	92173	20744182	6165721	87	0.24946	0.07415	0	0	0	0	0	0	0	0	0	0	0	0	0	0
2021-04-28	28034019	20632599	14776836	5855707	56	1649098	1253835	395258	5	5750776	5710153	40596	27	1546	1546	0	0	21742370	6291561	88	1124740	998188	126551	1	127386	21742370	6293107	88	0.26147	0.07568	0	0	0	0	0	0	0	0	0	0	0	0	0	0
2021-04-29	28982010	21458180	15489791	5968331	58	1713110	1305419	407686	5	5808261	5759620	48614	27	2459	2459	0	0	22557289	6424631	90	947991	814919	133070	2	133983	22557289	6427090	90	0.27127	0.07729	0	0	0	0	0	0	0	0	0	0	0	0	0	0
2021-04-30	29787664	22137944	16057675	6080211	58	1770474	1347497	422972	5	5875886	5817708	58151	27	3360	3360	0	0	23226240	6561334	90	805654	668951	136703	0	137604	23226240	6564694	90	0.27931	0.07895	0	0	0	0	0	0	0	0	0	0	0	0	0	0
2021-05-01	30124473	22391071	16249464	6141545	62	1812027	1382635	429387	5	5915394	5851180	64186	28	5981	5981	0	0	23489260	6635118	95	336809	263020	73784	5	76405	23489260	6641099	95	0.28248	0.07986	0	0	0	0	0	0	0	0	0	0	0	0	0	0
2021-05-02	30389817	22586877	16389461	6197353	63	1849591	1414931	434654	6	5945559	5876752	68779	28	7790	7790	0	0	23688934	6700786	97	265344	199674	65668	2	67477	23688934	6708576	97	0.28488	0.08068	0	0	0	0	0	0	0	0	0	0	0	0	0	0
2021-05-03	30842718	22905557	16616987	6288504	66	1920303	1472427	447870	6	6007388	5927908	79452	28	9470	9470	0	0	24026792	6815826	100	452901	337858	115040	3	116720	24026792	6825296	100	0.28894	0.08208	0	0	0	0	0	0	0	0	0	0	0	0	0	0
2021-05-04	31686756	23532662	17112137	6420458	67	1983886	1522754	461125	7	6157681	6064471	93182	28	12527	12527	0	0	24711889	6974765	102	844038	685097	158939	2	161996	24711889	6987292	102	0.29718	0.08403	0	0	0	0	0	0	0	0	0	0	0	0	0	0
2021-05-05	32835775	24385405	17778770	6606567	68	2063002	1576278	486717	7	6370245	6260135	110082	28	17123	17123	0	0	25632306	7203366	103	1149019	920417	228601	1	233197	25632306	7220489	103	0.30825	0.08683	0	0	0	0	0	0	0	0	0	0	0	0	0	0
2021-05-06	33828713	25079817	18295070	6784676	71	2155279	1646081	509191	7	6571864	6442305	129530	29	21753	21753	0	0	26405209	7423397	107	992938	772903	220031	4	224661	26405209	7445150	107	0.31754	0.08953	0	0	0	0	0	0	0	0	0	0	0	0	0	0
2021-05-07	34721751	25668930	18709883	6958973	74	2242060	1701858	540195	7	6784511	6625655	158827	29	26250	26249	0	1	27063645	7657995	111	893038	658436	234598	4	239094	27063645	7684245	111	0.32546	0.09241	0	0	0	0	0	0	0	0	0	0	0	0	0	0
2021-05-08	35148218	25936971	18864879	7072017	75	2314039	1753908	560123	8	6869231	6690720	178482	29	27977	27976	0	1	27337483	7810622	113	426467	273838	152627	2	154354	27337483	7838599	113	0.32875	0.09426	0	0	0	0	0	0	0	0	0	0	0	0	0	0
2021-05-09	35434808	26131130	18979654	7151401	75	2370682	1799745	570929	8	6903951	6714021	189901	29	29045	29044	0	1	27522464	7912231	113	286590	184981	101609	0	102677	27522464	7941276	113	0.33098	0.0955	0	0	0	0	0	0	0	0	0	0	0	0	0	0
2021-05-10	36025358	26505131	19211663	7293390	78	2452633	1859437	593187	9	7034656	6818877	215750	29	32938	32937	0	1	27922914	8102327	117	590550	400450	190096	4	193989	27922914	8135265	117	0.33579	0.09783	0	0	0	0	0	0	0	0	0	0	0	0	0	0
2021-05-11	37112995	27332494	19805449	7526966	79	2532742	1917284	615449	9	7211045	6966130	244886	29	36714	36713	0	1	28725576	8387301	118	1087637	802662	284974	1	288750	28725576	8424015	118	0.34545	0.1013	0	0	0	0	0	0	0	0	0	0	0	0	0	0
2021-05-12	38531217	28427517	20603265	7824173	79	2624646	1978541	646096	9	7436505	7157582	278892	31	42549	42548	0	1	29781936	8749161	120	1418222	1056360	361860	2	367695	29781936	8791710	120	0.35815	0.10573	0	0	0	0	0	0	0	0	0	0	0	0	0	0
2021-05-13	38960963	28743231	20791005	7952145	81	2691461	2030173	661279	9	7481064	7186902	294131	31	45207	45206	0	1	30053286	8907555	122	429746	271350	158394	2	161052	30053286	8952762	122	0.36141	0.10766	0	0	0	0	0	0	0	0	0	0	0	0	0	0
2021-05-14	39718634	29289422	21156488	8132852	82	2756452	2079950	676493	9	7619708	7298583	321094	31	53052	53051	0	1	30588072	9130439	123	757671	534786	222884	1	230729	30588072	9183491	123	0.36784	0.11044	0	0	0	0	0	0	0	0	0	0	0	0	0	0
2021-05-15	40119521	29568933	21313453	8255397	83	2817074	2124178	692887	9	7676178	7332515	343631	32	57336	57335	0	1	30827481	9291915	125	400887	239409	161476	2	165760	30827481	9349251	125	0.37072	0.11243	0	0	0	0	0	0	0	0	0	0	0	0	0	0
2021-05-16	40402069	29768971	21420000	8348888	83	2869900	2167117	702774	9	7701132	7343846	357254	32	62066	62065	0	1	30993028	9408916	125	282548	165547	117001	0	121731	30993028	9470982	125	0.37271	0.1139	0	0	0	0	0	0	0	0	0	0	0	0	0	0
2021-05-17	40958465	30108126	21613626	8494414	86	2955682	2228418	727254	10	7822694	7439032	383630	32	71963	71962	0	1	31353038	9605298	129	556396	360010	196382	4	206279	31353038	9677261	129	0.37704	0.11638	0	0	0	0	0	0	0	0	0	0	0	0	0	0
2021-05-18	41831682	30698649	21913691	8784871	87	3056916	2301033	755871	12	7996294	7584561	411701	32	79823	79822	0	1	31879107	9952443	132	873217	526069	347145	3	355005	31879107	10032266	132	0.38337	0.12065	0	0	0	0	0	0	0	0	0	0	0	0	0	0
2021-05-19	42930882	31503591	22257988	9245515	88	3157257	2367485	789759	13	8177919	7738107	439779	33	92115	92114	0	1	32455694	10475053	135	1099200	576587	522610	3	534902	32455694	10567168	135	0.3903	0.12708	0	0	0	0	0	0	0	0	0	0	0	0	0	0
2021-05-20	43880641	32188930	22519147	9669694	89	3253909	2433124	820771	14	8334589	7867317	467239	33	103213	103212	0	1	32922800	10957704	137	949759	467106	482651	2	493749	32922800	11060917	137	0.39592	0.13302	0	0	0	0	0	0	0	0	0	0	0	0	0	0
2021-05-21	44732850	32785810	22741958	10043761	91	3339744	2489572	850158	14	8492058	7994488	497537	33	115238	115237	0	1	33341255	11391456	139	852209	418455	433752	2	445777	33341255	11506694	139	0.40095	0.13838	0	0	0	0	0	0	0	0	0	0	0	0	0	0
2021-05-22	45207223	33092416	22840651	10251672	93	3409352	2537942	871395	15	8575928	8062640	513255	33	129527	129526	0	1	33570759	11636322	142	474373	229504	244866	3	259155	33570759	11765849	142	0.40371	0.14149	0	0	0	0	0	0	0	0	0	0	0	0	0	0
2021-05-23	45492686	33285604	22906475	10379035	94	3468833	2582288	886529	16	8599854	8077452	522369	33	138395	138394	0	1	33704609	11787933	144	285463	133850	151611	2	160479	33704609	11926328	144	0.40532	0.14342	0	0	0	0	0	0	0	0	0	0	0	0	0	0
2021-05-24	45818948	33521595	22989203	10532293	99	3530377	2628827	901533	17	8620528	8089437	531058	33	146448	146447	0	1	33853914	11964884	150	326262	149305	176951	6	185004	33853914	12111332	150	0.40712	0.14565	0	0	0	0	0	0	0	0	0	0	0	0	0	0
2021-05-25	46475251	33968624	23131044	10837481	99	3610241	2680316	929905	20	8724677	8168418	556226	33	171709	171708	0	1	34151486	12323612	153	656303	297572	358728	3	383989	34151486	12495321	153	0.4107	0.15027	0	0	0	0	0	0	0	0	0	0	0	0	0	0
2021-05-26	47655746	34854203	23446198	11407904	101	3692700	2732971	959707	22	8858786	8270562	588191	33	250057	250056	0	1	34699787	12955802	157	1180495	548301	632190	4	710538	34699787	13205859	157	0.41729	0.15881	0	0	0	0	0	0	0	0	0	0	0	0	0	0
2021-05-27	48697899	35594140	23704303	11889732	105	3781972	2784675	997274	23	8990505	8365283	625189	33	331282	331281	0	1	35185542	13512195	162	1042153	485755	556393	5	637618	35185542	13843477	162	0.42313	0.16648	0	0	0	0	0	0	0	0	0	0	0	0	0	0
2021-05-28	49603216	36198556	23921454	12276995	107	3868296	2835275	1032998	23	9121133	8454380	666720	33	415231	415230	0	1	35626339	13976713	164	905317	440797	464518	2	548467	35626339	14391944	164	0.42843	0.17307	0	0	0	0	0	0	0	0	0	0	0	0	0	0
2021-05-29	50014248	36461095	24001687	12459299	109	3930947	2872146	1058775	26	9179158	8489478	689647	33	443048	443047	0	1	35806358	14207721	169	411032	180019	231008	5	258825	35806358	14650769	169	0.4306	0.17619	0	0	0	0	0	0	0	0	0	0	0	0	0	0
2021-05-30	50298249	36658537	24061061	12597367	109	3978015	2899530	1078458	27	9207565	8500659	706873	33	454132	454131	0	1	35915381	14382698	170	284001	109023	174977	1	186061	35915381	14836830	170	0.43191	0.17842	0	0	0	0	0	0	0	0	0	0	0	0	0	0
2021-05-31	50846110	37026339	24173107	12853123	109	4045765	2927367	1118371	27	9277337	8539653	737651	33	496669	496668	0	1	36136795	14709145	170	547861	221414	326447	0	368984	36136795	15205814	170	0.43457	0.18286	0	0	0	0	0	0	0	0	0	0	0	0	0	0
2021-06-01	51835593	37760507	24489505	13270891	111	4125715	2957145	1168543	27	9368039	8593869	774137	33	581332	581331	0	1	36621850	15213571	172	989483	485055	504426	2	589089	36621850	15794903	172	0.4404	0.18995	0	0	0	0	0	0	0	0	0	0	0	0	0	0
2021-06-02	53085447	38750274	24939273	13810890	111	4198434	2981650	1216757	27	9450425	8636898	813494	33	686314	686312	0	2	37244133	15841141	173	1249854	622283	627570	1	732551	37244133	16527455	173	0.44789	0.19875	0	0	0	0	0	0	0	0	0	0	0	0	0	0
2021-06-03	53729262	39226031	25119554	14106366	111	4262887	3011424	1251436	27	9500717	8657787	842897	33	739627	739624	0	3	37528389	16200699	174	643815	284256	359558	1	412870	37528389	16940326	174	0.45131	0.20372	0	0	0	0	0	0	0	0	0	0	0	0	0	0
2021-06-04	54541479	39812582	25348274	14464196	112	4334246	3040198	1294021	27	9577758	8692330	885395	33	816893	816890	0	3	37897692	16643612	175	812217	369303	442913	1	520179	37897692	17460505	175	0.45575	0.20998	0	0	0	0	0	0	0	0	0	0	0	0	0	0
2021-06-05	54954814	40083942	25407545	14676285	112	4401292	3066497	1334768	27	9622030	8703268	918729	33	847550	847547	0	3	38024857	16929782	175	413335	127165	286170	0	316827	38024857	17777332	175	0.45728	0.21379	0	0	0	0	0	0	0	0	0	0	0	0	0	0
2021-06-06	55247407	40289935	25451625	14838198	112	4442345	3078493	1363825	27	9649308	8706828	942447	33	865819	865816	0	3	38102762	17144470	175	292593	77905	214688	0	232957	38102762	18010289	175	0.45821	0.21659	0	0	0	0	0	0	0	0	0	0	0	0	0	0
2021-06-07	55862503	40692610	25586451	15106047	112	4527630	3106175	1421428	27	9721939	8738017	983889	33	920324	920321	0	3	38350964	17511364	175	615096	248202	366894	0	421399	38350964	18431688	175	0.4612	0.22165	0	0	0	0	0	0	0	0	0	0	0	0	0	0
2021-06-08	56920594	41543630	25873063	15670450	117	4603190	3132478	1470685	27	9784975	8770337	1014605	33	988799	988795	0	4	38764673	18155740	181	1058091	413709	644376	6	712850	38764673	19144539	181	0.46617	0.23023	0	0	0	0	0	0	0	0	0	0	0	0	0	0
2021-06-09	58349012	42724418	26264962	16459335	121	4690688	3161062	1529599	27	9849100	8802777	1046290	33	1084806	1084801	0	5	39313602	19035224	186	1428418	548929	879484	5	975490	39313602	20120030	186	0.47277	0.24196	0	0	0	0	0	0	0	0	0	0	0	0	0	0
2021-06-10	59544543	43685476	26614396	17070958	122	4780729	3193310	1587392	27	9904979	8829749	1075196	34	1173359	1173354	0	5	39810809	19733546	188	1195531	497207	698322	2	786875	39810809	20906905	188	0.47875	0.25142	0	0	0	0	0	0	0	0	0	0	0	0	0	0
2021-06-11	60611303	44496855	26924593	17572137	125	4870082	3221790	1648265	27	9974173	8859400	1114739	34	1270193	1270188	0	5	40275971	20335141	191	1066760	465162	601595	3	698429	40275971	21605334	191	0.48435	0.25982	0	0	0	0	0	0	0	0	0	0	0	0	0	0
2021-06-12	61048121	44782522	27017310	17765087	125	4942516	3240789	1701700	27	10017644	8872576	1145034	34	1305439	1305433	0	6	40436108	20611821	192	436818	160137	276680	1	311925	40436108	21917260	192	0.48627	0.26357	0	0	0	0	0	0	0	0	0	0	0	0	0	0
2021-06-13	61331225	44962426	27061644	17900657	125	5006095	3256772	1749296	27	10043470	8877232	1166204	34	1319234	1319228	0	6	40514876	20816157	192	283104	78768	204336	0	218131	40514876	22135391	192	0.48722	0.26619	0	0	0	0	0	0	0	0	0	0	0	0	0	0
2021-06-14	61987846	45394838	27236146	18158567	125	5107558	3280444	1827087	27	10110974	8894896	1216043	35	1374476	1374470	0	6	40785956	21201697	193	656621	271080	385540	1	440782	40785956	22576173	193	0.49048	0.27149	0	0	0	0	0	0	0	0	0	0	0	0	0	0
2021-06-15	63038828	46197189	27538856	18658208	125	5212356	3309025	1903304	27	10195695	8914583	1281077	35	1433588	1433582	0	6	41196046	21842589	193	1050982	410090	640892	0	700004	41196046	23276177	193	0.49541	0.27991	0	0	0	0	0	0	0	0	0	0	0	0	0	0
2021-06-16	64425671	47304055	27951121	19352799	135	5319035	3341466	1977542	27	10292688	8940249	1352404	35	1509893	1509887	0	6	41742723	22682745	203	1386843	546677	840156	10	916461	41742723	24192638	203	0.50199	0.29093	0	0	0	0	0	0	0	0	0	0	0	0	0	0
2021-06-17	65576810	48190897	28302127	19888635	135	5422751	3371260	2051464	27	10384975	8962621	1422319	35	1578187	1578181	0	6	42214189	23362418	203	1151139	471466	679673	0	747967	42214189	24940605	203	0.50766	0.29993	0	0	0	0	0	0	0	0	0	0	0	0	0	0
2021-06-18	66572207	48926342	28596709	20329492	141	5517320	3402589	2114704	27	10481469	8984815	1496619	35	1647076	1647070	0	6	42631183	23940815	209	995397	416994	578397	6	647286	42631183	25587891	209	0.51267	0.30771	0	0	0	0	0	0	0	0	0	0	0	0	0	0
2021-06-19	67000307	49199857	28689441	20510274	142	5599785	3423602	2176156	27	10532433	8991389	1541009	35	1668232	1668226	0	6	42772658	24227439	210	428100	141475	286624	1	307780	42772658	25895671	210	0.51437	0.31141	0	0	0	0	0	0	0	0	0	0	0	0	0	0
2021-06-20	67295491	49378864	28738838	20639884	142	5671286	3439646	2231613	27	10564294	8994021	1570238	35	1681047	1681041	0	6	42853546	24441735	210	295184	80888	214296	0	227111	42853546	26122782	210	0.51535	0.31415	0	0	0	0	0	0	0	0	0	0	0	0	0	0
2021-06-21	67928565	49791949	28910961	20880846	142	5769160	3464832	2304301	27	10650014	9008067	1641912	35	1717442	1717436	0	6	43101296	24827059	210	633074	247750	385324	0	421719	43101296	26544501	210	0.51832	0.31922	0	0	0	0	0	0	0	0	0	0	0	0	0	0
2021-06-22	69009217	50639281	29242964	21396173	144	5865203	3495584	2369591	28	10752866	9024382	1728449	35	1751867	1751860	0	7	43514790	25494213	214	1080652	413494	667154	4	701578	43514790	27246080	214	0.5233	0.32765	0	0	0	0	0	0	0	0	0	0	0	0	0	0
2021-06-23	70348221	51731293	29684132	22047015	146	5961458	3525699	2435731	28	10868736	9045220	1823481	35	1786734	1786727	0	7	44041778	26306227	216	1339004	526988	812014	2	846881	44041778	28092961	216	0.52963	0.33784	0	0	0	0	0	0	0	0	0	0	0	0	0	0
2021-06-24	71387689	52531822	30120111	22411563	148	6048940	3561191	2487721	28	10979620	9066545	1913040	35	1827307	1827300	0	7	44575147	26812324	218	1039468	533369	506097	2	546670	44575147	28639631	218	0.53605	0.34441	0	0	0	0	0	0	0	0	0	0	0	0	0	0
2021-06-25	72311299	53228264	30456390	22771723	151	6125604	3588055	2537518	31	11089681	9086709	2002937	35	1867750	1867743	0	7	44998897	27312178	224	923610	423750	499854	6	540297	44998897	29179928	224	0.54114	0.35091	0	0	0	0	0	0	0	0	0	0	0	0	0	0
2021-06-26	72722132	53484048	30562078	22921815	155	6194748	3613731	2580986	31	11162322	9093076	2069211	35	1881014	1881007	0	7	45149892	27572012	228	410833	150995	259834	4	273098	45149892	29453026	228	0.54296	0.35419	0	0	0	0	0	0	0	0	0	0	0	0	0	0
2021-06-27	73014390	53657152	30629500	23027493	159	6252937	3633097	2619809	31	11219139	9096498	2122606	35	1885162	1885155	0	7	45244250	27769908	232	292258	94358	197896	4	202044	45244250	29655070	232	0.5441	0.35662	0	0	0	0	0	0	0	0	0	0	0	0	0	0
2021-06-28	73645116	54059206	30828360	23230686	160	6343078	3665609	2677438	31	11333112	9110311	2222766	35	1909720	1909713	0	7	45513993	28130890	233	630726	269743	360982	1	385540	45513993	30040610	233	0.54734	0.36126	0	0	0	0	0	0	0	0	0	0	0	0	0	0
2021-06-29	74581093	54746589	31175373	23571056	160	6436144	3698701	2737412	31	11465963	9122128	2343800	35	1932397	1932390	0	7	45928592	28652268	233	935977	414599	521378	0	544055	45928592	30584665	233	0.55232	0.3678	0	0	0	0	0	0	0	0	0	0	0	0	0	0
2021-06-30	75607330	55518859	31580434	23938259	166	6530360	3733590	2796739	31	11602709	9136717	2465957	35	1955402	1955395	0	7	46406136	29200955	239	1026237	477544	548687	6	571692	46406136	31156357	239	0.55807	0.37468	0	0	0	0	0	0	0	0	0	0	0	0	0	0
2021-07-01	76593481	56265596	31992302	24273122	172	6613970	3764249	2849690	31	11735611	9150347	2585228	36	1978304	1978297	0	7	46885195	29708040	246	986151	479059	507085	7	529987	46885195	31686344	246	0.56383	0.38105	0	0	0	0	0	0	0	0	0	0	0	0	0	0
2021-07-02	77443382	56918840	32333960	24584705	175	6709023	3796121	2912871	31	11814946	9159598	2655312	36	2000573	2000566	0	7	47290245	30152888	249	849901	405050	444848	3	467117	47290245	32153461	249	0.5687	0.38667	0	0	0	0	0	0	0	0	0	0	0	0	0	0
2021-07-03	77821565	57175234	32456471	24718583	180	6788421	3820849	2967540	32	11842118	9162419	2679663	36	2015792	2015785	0	7	47455524	30365786	255	378183	165279	212898	6	228117	47455524	32381578	255	0.57069	0.38941	0	0	0	0	0	0	0	0	0	0	0	0	0	0
2021-07-04	78095197	57357190	32529901	24827104	185	6856637	3839389	3017216	32	11856660	9163891	2692733	36	2024710	2024703	0	7	47557884	30537053	260	273632	102360	171267	5	180185	47557884	32561763	260	0.57192	0.39158	0	0	0	0	0	0	0	0	0	0	0	0	0	0
2021-07-05	78633292	57746011	32697193	25048626	192	6951334	3865722	3085579	33	11896282	9168288	2727958	36	2039665	2039658	0	7	47770861	30862163	268	538095	212977	325110	8	340065	47770861	32901828	268	0.57448	0.39567	0	0	0	0	0	0	0	0	0	0	0	0	0	0
2021-07-06	79414881	58366861	32940044	25426621	196	7050733	3891179	3159520	34	11941674	9172925	2768713	36	2055613	2055606	0	7	48059754	31354854	273	781589	288893	492691	5	508639	48059754	33410467	273	0.57795	0.40179	0	0	0	0	0	0	0	0	0	0	0	0	0	0
2021-07-07	80414533	59199901	33236350	25963349	202	7146797	3915955	3230807	35	11993058	9178359	2814663	36	2074777	2074770	0	7	48405434	32008819	280	999652	345680	653965	7	673129	48405434	34083596	280	0.58211	0.40988	0	0	0	0	0	0	0	0	0	0	0	0	0	0
2021-07-08	81266154	59887665	33475047	26412413	205	7248421	3938625	3309754	42	12035770	9182652	2853082	36	2094298	2094291	0	7	48690615	32575249	290	851621	285181	566430	10	585951	48690615	34669547	290	0.58554	0.41693	0	0	0	0	0	0	0	0	0	0	0	0	0	0
2021-07-09	82026622	60485112	33674093	26810805	214	7347452	3956679	3390731	42	12079062	9187106	2891920	36	2114996	2114989	0	7	48932867	33093456	299	760468	242252	518207	9	538905	48932867	35208452	299	0.58845	0.42341	0	0	0	0	0	0	0	0	0	0	0	0	0	0
2021-07-10	82370807	60714080	33750933	26962930	217	7431750	3974968	3456738	44	12100194	9188562	2911596	36	2124783	2124776	0	7	49039239	33331264	304	344185	106372	237808	5	247595	49039239	35456047	304	0.58973	0.42638	0	0	0	0	0	0	0	0	0	0	0	0	0	0
2021-07-11	82599114	60860123	33797142	27062759	222	7495433	3989904	3505485	44	12110477	9189032	2921409	36	2133081	2133074	0	7	49109152	33489653	309	228307	69913	158389	5	166687	49109152	35622734	309	0.59057	0.42839	0	0	0	0	0	0	0	0	0	0	0	0	0	0
2021-07-12	83069341	61212364	33918741	27293392	231	7575243	4019108	3556090	45	12134533	9190921	2943576	36	2147201	2147193	0	8	49275963	33793058	320	470227	166811	303405	11	317524	49275963	35940259	320	0.59258	0.43221	0	0	0	0	0	0	0	0	0	0	0	0	0	0
2021-07-13	83834203	61844398	34071895	27772261	242	7653322	4045291	3607983	48	12169261	9193197	2976028	36	2167222	2167214	0	8	49477597	34356272	334	764862	201634	563214	14	583235	49477597	36523494	334	0.595	0.43922	0	0	0	0	0	0	0	0	0	0	0	0	0	0
2021-07-14	84813028	62680662	34252199	28428215	248	7725595	4066748	3658796	51	12216481	9196890	3019555	36	2190290	2190282	0	8	49706119	35106566	343	978825	228522	750294	9	773362	49706119	37296856	343	0.59775	0.44852	0	0	0	0	0	0	0	0	0	0	0	0	0	0
2021-07-15	85583996	63319002	34402680	28916071	251	7796978	4086187	3710736	55	12255079	9199771	3055272	36	2212937	2212929	0	8	49901567	35682079	350	770968	195448	575513	7	598160	49901567	37895016	350	0.6001	0.45572	0	0	0	0	0	0	0	0	0	0	0	0	0	0
2021-07-16	86246902	63862969	34536180	29326526	263	7861667	4103604	3758006	57	12287085	9201699	3085350	36	2235181	2235173	0	8	50076656	36169882	364	662906	175089	487803	14	510047	50076656	38405063	364	0.60221	0.46185	0	0	0	0	0	0	0	0	0	0	0	0	0	0
2021-07-17	86519791	64038267	34591185	29446815	267	7925014	4119465	3805490	59	12302751	9202600	3100115	36	2253759	2253751	0	8	50167001	36352420	370	272889	90345	182538	6	201116	50167001	38606179	370	0.60329	0.46427	0	0	0	0	0	0	0	0	0	0	0	0	0	0
2021-07-18	86720423	64174387	34642002	29532113	272	7966735	4128876	3837800	59	12314225	9202881	3111308	36	2265076	2265068	0	8	50238827	36481221	375	200632	71826	128801	5	140118	50238827	38746297	375	0.60416	0.46595	0	0	0	0	0	0	0	0	0	0	0	0	0	0
2021-07-19	87103699	64472724	34720262	29752180	282	8017568	4141957	3875552	59	12334037	9204226	3129775	36	2279370	2279361	0	9	50345806	36757507	386	383276	106979	276286	11	290579	50345806	39036877	386	0.60545	0.46945	0	0	0	0	0	0	0	0	0	0	0	0	0	0
2021-07-20	87714325	64998249	34829491	30168452	306	8066349	4157840	3908449	60	12355994	9206763	3149195	36	2293733	2293723	0	10	50487817	37226096	412	610626	142011	468589	26	482951	50487817	39519829	412	0.60715	0.47525	0	0	0	0	0	0	0	0	0	0	0	0	0	0
2021-07-21	88473267	65674321	34971138	30702873	310	8112537	4171003	3941474	60	12378786	9208366	3170384	36	2307623	2307613	0	10	50658120	37814731	416	758942	170303	588635	4	602525	50658120	40122354	416	0.6092	0.4825	0	0	0	0	0	0	0	0	0	0	0	0	0	0
2021-07-22	89098487	66223506	35082198	31140982	326	8156049	4181253	3974734	62	12397662	9209766	3187860	36	2321270	2321260	0	10	50794477	38303576	434	625220	136357	488845	18	502492	50794477	40624846	434	0.61084	0.48854	0	0	0	0	0	0	0	0	0	0	0	0	0	0
2021-07-23	89671740	66717431	35185582	31531507	342	8198442	4191363	4007015	64	12416234	9211116	3205079	39	2339633	2339623	0	10	50927684	38743601	455	573253	133207	440025	21	458388	50927684	41083234	455	0.61244	0.49406	0	0	0	0	0	0	0	0	0	0	0	0	0	0
2021-07-24	89883911	66872314	35230868	31641087	359	8236005	4198744	4037193	68	12423976	9211884	3212053	39	2351616	2351605	0	11	50993101	38890333	477	212171	65417	146732	22	158714	50993101	41241949	477	0.61323	0.49596	0	0	0	0	0	0	0	0	0	0	0	0	0	0
2021-07-25	90008595	66956318	35256890	31699064	364	8267502	4205090	4062344	68	12427254	9211998	3215217	39	2357521	2357509	0	12	51031487	38976625	483	124684	38386	86292	6	92196	51031487	41334146	483	0.61369	0.49707	0	0	0	0	0	0	0	0	0	0	0	0	0	0
2021-07-26	90348575	67232739	35318580	31913780	379	8307508	4214877	4092563	68	12439664	9213172	3226453	39	2368664	2368650	0	14	51115279	39232796	500	339980	83792	256171	17	267312	51115279	41601460	500	0.6147	0.50029	0	0	0	0	0	0	0	0	0	0	0	0	0	0
2021-07-27	90904423	67713302	35407740	32305150	412	8349855	4223739	4126031	85	12459584	9214488	3245057	39	2381682	2381668	0	14	51227635	39676238	550	555848	112356	443442	50	456460	51227635	42057920	550	0.61605	0.50578	0	0	0	0	0	0	0	0	0	0	0	0	0	0
2021-07-28	91598023	68322660	35520341	32801799	520	8396914	4233379	4163434	101	12482945	9215727	3267179	39	2395504	2395485	0	19	51364932	40232412	679	693600	137297	556174	129	569991	51364932	42627916	679	0.6177	0.51263	0	0	0	0	0	0	0	0	0	0	0	0	0	0
2021-07-29	92178641	68824842	35615970	33208251	621	8440704	4242917	4197663	124	12502811	9216968	3285804	39	2410284	2410264	0	20	51486119	40691718	804	580618	121187	459306	125	474085	51486119	43102002	804	0.61916	0.51833	0	0	0	0	0	0	0	0	0	0	0	0	0	0
2021-07-30	92678212	69245539	35701051	33543705	783	8486293	4252311	4233836	146	12519982	9218049	3301894	39	2426398	2426377	0	21	51597788	41079435	989	499571	111669	387717	185	403830	51597788	43505833	989	0.6205	0.52319	0	0	0	0	0	0	0	0	0	0	0	0	0	0
2021-07-31	92873838	69386744	35742572	33643228	944	8522205	4258640	4263398	167	12525998	9218207	3307752	39	2438891	2438868	0	23	51658287	41214378	1173	195626	60499	134943	184	147434	51658287	43653269	1173	0.62123	0.52496	0	0	0	0	0	0	0	0	0	0	0	0	0	0
2021-08-01	92991232	69470791	35769304	33700401	1086	8547327	4262897	4284234	196	12528316	9218290	3309987	39	2444798	2444775	0	23	51695266	41294622	1344	117394	36979	80244	171	86151	51695266	43739420	1344	0.62167	0.526	0	0	0	0	0	0	0	0	0	0	0	0	0	0
2021-08-02	93286256	69711891	35823063	33887611	1217	8580828	4268175	4312436	217	12537446	9218872	3318535	39	2456091	2456068	0	23	51766178	41518582	1496	295024	70912	223960	152	235253	51766178	43974673	1496	0.62253	0.52883	0	0	0	0	0	0	0	0	0	0	0	0	0	0
2021-08-03	93750398	70112202	35895003	34215787	1412	8619390	4273252	4345890	248	12549399	9219611	3329749	39	2469407	2469382	0	25	51857248	41891426	1724	464142	91070	372844	228	386158	51857248	44360833	1724	0.62362	0.53347	0	0	0	0	0	0	0	0	0	0	0	0	0	0
2021-08-04	94325905	70626918	35987380	34637941	1597	8656069	4279270	4376476	323	12560668	9220111	3340518	39	2482250	2482222	0	28	51968983	42354935	1987	575507	111735	463509	263	476349	51968983	44837185	1987	0.62496	0.5392	0	0	0	0	0	0	0	0	0	0	0	0	0	0
2021-08-05	94845798	71084501	36067866	35014871	1764	8695918	4284636	4410919	363	12568658	9220720	3347899	39	2496721	2496683	0	38	52069905	42773689	2204	519893	100922	418754	217	433215	52069905	45270410	2204	0.62618	0.54441	0	0	0	0	0	0	0	0	0	0	0	0	0	0
2021-08-06	95288149	71468321	36143409	35322927	1985	8731851	4290497	4440958	396	12575981	9221152	3354790	39	2511996	2511957	0	39	52167015	43118675	2459	442351	97110	344986	255	360260	52167015	45630671	2459	0.62735	0.54874	0	0	0	0	0	0	0	0	0	0	0	0	0	0
2021-08-07	95473740	71607450	36180091	35425221	2138	8763761	4295287	4468055	419	12577524	9221232	3356253	39	2525005	2524965	0	40	52221575	43249529	2636	185591	54560	130854	177	143862	52221575	45774534	2636	0.628	0.55047	0	0	0	0	0	0	0	0	0	0	0	0	0	0
2021-08-08	95590046	71697036	36201037	35493741	2258	8785559	4298103	4487015	441	12578443	9221274	3357130	39	2529008	2528968	0	40	52249382	43337886	2778	116306	27807	88357	142	92360	52249382	45866894	2778	0.62834	0.55158	0	0	0	0	0	0	0	0	0	0	0	0	0	0
2021-08-09	95885520	71936546	36248073	35685969	2504	8827196	4302770	4523950	476	12583779	9221582	3362158	39	2537999	2537950	0	49	52310375	43572077	3068	295474	60993	234191	290	243173	52310375	46110076	3068	0.62907	0.55451	0	0	0	0	0	0	0	0	0	0	0	0	0	0
2021-08-10	96317227	72306282	36317358	35986246	2678	8869940	4307886	4561549	505	12591659	9222153	3369467	39	2549346	2549297	0	49	52396694	43917262	3271	431707	86319	345185	203	356532	52396694	46466608	3271	0.63011	0.55879	0	0	0	0	0	0	0	0	0	0	0	0	0	0
2021-08-11	96861463	72777808	36413874	36360984	2950	8917194	4315854	4600788	552	12601361	9222826	3378496	39	2565100	2565048	0	52	52517602	44340268	3593	544236	120908	423006	322	438757	52517602	46905368	3593	0.63156	0.56407	0	0	0	0	0	0	0	0	0	0	0	0	0	0
2021-08-12	97336182	73188323	36507651	36677396	3276	8955662	4322756	4632326	580	12608340	9223338	3384963	39	2583857	2583805	0	52	52637550	44694685	3947	474719	119948	354417	354	373174	52637550	47278542	3947	0.633	0.56856	0	0	0	0	0	0	0	0	0	0	0	0	0	0
2021-08-13	97761542	73546290	36596021	36946636	3633	8996863	4330064	4666179	620	12614855	9223819	3390997	39	2603534	2603482	0	52	52753386	45003812	4344	425360	115836	309127	397	328804	52753386	47607346	4344	0.6344	0.57251	0	0	0	0	0	0	0	0	0	0	0	0	0	0
2021-08-14	97957423	73692817	36642478	37046463	3876	9029229	4335136	4693446	647	12616226	9223892	3392295	39	2619151	2619097	0	54	52820603	45132204	4616	195881	67217	128392	272	144007	52820603	47751355	4616	0.63521	0.57424	0	0	0	0	0	0	0	0	0	0	0	0	0	0
2021-08-15	98075869	73782217	36670217	37107957	4043	9050076	4338500	4710917	659	12616912	9223919	3392954	39	2626664	2626606	0	58	52859242	45211828	4799	118446	38639	79624	183	87133	52859242	47838492	4799	0.63567	0.57529	0	0	0	0	0	0	0	0	0	0	0	0	0	0
2021-08-16	98342187	73998857	36732862	37261737	4258	9083255	4344841	4737738	676	12619749	9224196	3395514	39	2640326	2640265	0	61	52942164	45394989	5034	266318	82922	183161	235	196820	52942164	48035315	5034	0.63667	0.57766	0	0	0	0	0	0	0	0	0	0	0	0	0	0
2021-08-17	98704589	74310382	36825682	37480213	4487	9112969	4349895	4762383	691	12625535	9224792	3400704	39	2655703	2655641	0	62	53056010	45643300	5279	362402	113846	248311	245	263687	53056010	48299003	5279	0.63804	0.58083	0	0	0	0	0	0	0	0	0	0	0	0	0	0
2021-08-18	99128434	74679578	36938260	37736527	4791	9143349	4355935	4786713	701	12631590	9225186	3406365	39	2673917	2673854	0	63	53193235	45929605	5594	423845	137225	286305	315	304518	53193235	48603522	5594	0.63969	0.58449	0	0	0	0	0	0	0	0	0	0	0	0	0	0
2021-08-19	99463586	74965693	37035158	37925437	5098	9169694	4361334	4807593	767	12636134	9225756	3410339	39	2692065	2692002	0	63	53314250	46143369	5967	335152	121015	213764	373	231912	53314250	48835434	5967	0.64114	0.58728	0	0	0	0	0	0	0	0	0	0	0	0	0	0
2021-08-20	99806486	75257934	37139694	38112712	5528	9193630	4367109	4825739	782	12641307	9226394	3414873	40	2713615	2713550	0	65	53446747	46353324	6415	342900	132497	209955	448	231503	53446747	49066939	6415	0.64274	0.59007	0	0	0	0	0	0	0	0	0	0	0	0	0	0
2021-08-21	99963080	75378625	37194623	38178140	5862	9214694	4371527	4842364	803	12642032	9226455	3415537	40	2727729	2727660	0	69	53520265	46436041	6774	156594	73518	82717	359	96827	53520265	49163770	6774	0.64362	0.59123	0	0	0	0	0	0	0	0	0	0	0	0	0	0
2021-08-22	100057331	75451141	37226323	38218616	6202	9230208	4374014	4855379	815	12642311	9226484	3415787	40	2733671	2733601	0	70	53560422	46489782	7127	94251	40157	53741	353	59682	53560422	49223453	7127	0.6441	0.59195	0	0	0	0	0	0	0	0	0	0	0	0	0	0
2021-08-23	100290584	75637999	37299435	38332051	6513	9259340	4378916	4879584	840	12645934	9226784	3419109	41	2747311	2747239	0	72	53652374	46630744	7466	233253	91952	140962	339	154600	53652374	49378055	7466	0.64521	0.59381	0	0	0	0	0	0	0	0	0	0	0	0	0	0
2021-08-24	100588790	75890139	37399778	38483507	6854	9285215	4383494	4900862	859	12649808	9227467	3422300	41	2763628	2763436	0	192	53774175	46806669	7946	298206	121801	175925	480	192122	53774175	49570297	7946	0.64667	0.59612	0	0	0	0	0	0	0	0	0	0	0	0	0	0
2021-08-25	100931494	76186020	37517074	38661577	7369	9310142	4388792	4920474	876	12653557	9228162	3425354	41	2781775	2781580	0	195	53915608	47007405	8481	342704	141433	200736	535	218880	53915608	49789180	8481	0.64837	0.59875	0	0	0	0	0	0	0	0	0	0	0	0	0	0
2021-08-26	101232411	76443488	37627517	38808157	7814	9332294	4393426	4937942	926	12656698	9228614	3428043	41	2799931	2799626	0	305	54049183	47174142	9086	300917	133575	166737	605	184783	54049183	49974073	9086	0.64998	0.60097	0	0	0	0	0	0	0	0	0	0	0	0	0	0
2021-08-27	101485849	76653383	37717919	38926533	8931	9354704	4398390	4955309	1005	12659197	9228863	3430292	42	2818565	2818236	0	329	54163408	47312134	10307	253438	114225	137992	1221	156602	54163408	50130699	10307	0.65135	0.60286	0	0	0	0	0	0	0	0	0	0	0	0	0	0
2021-08-28	101623414	76760222	37770606	38979933	9683	9370049	4401638	4967359	1052	12659723	9228901	3430779	43	2833420	2833075	0	345	54234220	47378071	11123	137565	70812	65937	816	80776	54234220	50211491	11123	0.65221	0.60383	0	0	0	0	0	0	0	0	0	0	0	0	0	0
2021-08-29	101708867	76830646	37799958	39020314	10374	9378467	4403427	4973932	1108	12659878	9228914	3430921	43	2839876	2839504	0	372	54271803	47425167	11897	85453	37583	47096	774	53525	54271803	50265043	11897	0.65266	0.60447	0	0	0	0	0	0	0	0	0	0	0	0	0	0
2021-08-30	101901243	76991082	37868301	39110291	12490	9395601	4406884	4987574	1143	12661768	9229076	3432649	43	2852792	2852418	0	374	54356679	47530514	14050	192376	84876	105347	2153	118261	54356679	50383306	14050	0.65368	0.6059	0	0	0	0	0	0	0	0	0	0	0	0	0	0
2021-08-31	102144771	77203054	37962322	39224686	16046	9411419	4410065	5000157	1197	12663429	9229343	3434043	43	2866869	2866440	0	429	54468170	47658886	17715	243528	111491	128372	3665	142394	54468170	50525755	17715	0.65502	0.60761	0	0	0	0	0	0	0	0	0	0	0	0	0	0
2021-09-01	102440878	77466113	38069836	39365331	30946	9427124	4412807	5012328	1989	12665871	9229976	3435851	44	2881770	2881334	0	436	54593953	47813510	33415	296107	125783	154624	15700	169518	54593953	50695280	33415	0.65653	0.60965	0	0	0	0	0	0	0	0	0	0	0	0	0	0
2021-09-02	102698881	77694880	38165600	39481927	47353	9440171	4415263	5022077	2831	12667817	9230433	3437339	45	2896013	2895560	0	453	54706856	47941343	50682	258003	112903	127833	17267	142059	54706856	50837356	50682	0.65789	0.61136	0	0	0	0	0	0	0	0	0	0	0	0	0	0
2021-09-03	102946395	77913424	38255184	39595247	62993	9452397	4417489	5031358	3550	12669611	9230687	3438879	45	2910963	2910505	0	458	54813865	48065484	67046	247514	107009	124141	16364	139086	54813865	50976447	67046	0.65918	0.61303	0	0	0	0	0	0	0	0	0	0	0	0	0	0
2021-09-04	103054598	78002907	38292570	39643093	67244	9460922	4418963	5038011	3948	12669941	9230701	3439194	46	2920828	2920366	0	462	54862600	48120298	71700	108203	48735	54814	4654	64675	54862600	51041126	71700	0.65976	0.61381	0	0	0	0	0	0	0	0	0	0	0	0	0	0
2021-09-05	103119325	78056599	38314966	39671316	70317	9466579	4419856	5042512	4211	12670121	9230716	3439359	46	2926026	2925560	0	466	54891098	48153187	75040	64727	28498	32889	3340	38083	54891098	51079213	75040	0.66011	0.61426	0	0	0	0	0	0	0	0	0	0	0	0	0	0
2021-09-06	103274612	78191573	38367945	39739375	84253	9476307	4421871	5049019	5417	12671962	9231358	3440552	52	2934770	2934304	0	466	54955478	48228946	90188	155287	64380	75759	15148	84503	54955478	51163716	90188	0.66088	0.61528	0	0	0	0	0	0	0	0	0	0	0	0	0	0
2021-09-07	103498052	78392851	38447298	39839533	106020	9485582	4423592	5055449	6541	12673921	9232056	3441812	53	2945698	2945217	0	481	55048163	48336794	113095	223440	92685	107848	22907	118761	55048163	51282492	113095	0.66199	0.61671	0	0	0	0	0	0	0	0	0	0	0	0	0	0
2021-09-08	103758879	78628013	38537838	39958747	131428	9497721	4425536	5064032	8153	12675216	9232248	3442915	53	2957929	2957425	0	504	55153047	48465694	140138	260827	104884	128900	27043	141108	55153047	51423623	140138	0.66326	0.61841	0	0	0	0	0	0	0	0	0	0	0	0	0	0
2021-09-09	104014849	78858238	38626584	40073267	158387	9509083	4427155	5072005	9923	12676371	9232476	3443839	56	2971157	2970636	0	521	55256851	48589111	168887	255970	103804	123417	28749	136628	55256851	51560268	168887	0.6645	0.62005	0	0	0	0	0	0	0	0	0	0	0	0	0	0
2021-09-10	104242631	79056721	38698565	40179401	178755	9521555	4429110	5081089	11356	12677676	9232668	3444952	56	2986679	2986122	0	557	55346465	48705442	190724	227782	89614	116331	21837	131817	55346465	51692121	190724	0.66558	0.62164	0	0	0	0	0	0	0	0	0	0	0	0	0	0
2021-09-11	104353195	79147385	38729972	40232988	184425	9530338	4430767	5087701	11870	12677849	9232703	3445090	56	2997623	2997054	0	569	55390496	48765779	196920	110564	44031	60337	6196	71269	55390496	51763402	196920	0.66611	0.62249	0	0	0	0	0	0	0	0	0	0	0	0	0	0
2021-09-12	104417984	79201670	38747718	40265294	188658	9535474	4431678	5091593	12203	12677927	9232713	3445157	57	3002913	3002338	0	575	55414447	48802044	201493	64789	23951	36265	4573	41549	55414447	51804957	201493	0.6664	0.62299	0	0	0	0	0	0	0	0	0	0	0	0	0	0
2021-09-13	104585133	79346029	38797373	40340200	208456	9545618	4434015	5098146	13457	12678893	9232840	3445995	58	3014593	3014006	0	587	55478234	48884341	222558	167149	63787	82297	21065	93965	55478234	51898934	222558	0.66717	0.62412	0	0	0	0	0	0	0	0	0	0	0	0	0	0
2021-09-14	104822553	79560527	38874683	40444867	240977	9553948	4436391	5103430	14127	12680760	9233647	3447053	60	3027318	3026727	0	591	55571448	48995350	255755	237420	93214	111009	33197	123730	55571448	52022668	255755	0.66829	0.62561	0	0	0	0	0	0	0	0	0	0	0	0	0	0
2021-09-15	105106982	79817909	38962309	40574599	281001	9565311	4439016	5111084	15211	12682008	9233795	3448147	66	3041754	3041134	0	620	55676254	49133830	296898	284429	104806	138480	41143	152887	55676254	52175584	296898	0.66955	0.62745	0	0	0	0	0	0	0	0	0	0	0	0	0	0
2021-09-16	105383424	80067725	39050432	40695072	322221	9575261	4441545	5117500	16216	12683567	9234252	3449249	66	3056871	3056245	0	626	55782474	49261821	339129	276442	106220	127991	42231	143102	55782474	52318692	339129	0.67083	0.62917	0	0	0	0	0	0	0	0	0	0	0	0	0	0
2021-09-17	105632693	80288925	39125207	40810974	352744	9586232	4444592	5124333	17307	12684472	9234474	3449932	66	3073064	3072430	0	634	55876703	49385239	370751	249269	94229	123418	31622	139603	55876703	52458303	370751	0.67196	0.63085	0	0	0	0	0	0	0	0	0	0	0	0	0	0
2021-09-18	105745394	80383902	39155259	40868526	360117	9593838	4446385	5129617	17836	12684711	9234590	3450054	67	3082943	3082298	0	645	55918532	49448197	378665	112701	41829	62958	7914	72826	55918532	52531140	378665	0.67246	0.63173	0	0	0	0	0	0	0	0	0	0	0	0	0	0
2021-09-19	105814983	80442761	39173495	40904430	364836	9599663	4448178	5132871	18614	12684928	9234653	3450208	67	3087631	3086981	0	650	55943307	49487509	384167	69589	24775	39312	5502	43995	55943307	52575140	384167	0.67276	0.63225	0	0	0	0	0	0	0	0	0	0	0	0	0	0
2021-09-20	105973500	80583115	39214793	40979581	388741	9607505	4450122	5137606	19777	12685871	9234859	3450939	73	3097009	3096353	0	656	55996127	49568126	409247	158517	52820	80617	25080	89989	55996127	52665135	409247	0.67339	0.63334	0	0	0	0	0	0	0	0	0	0	0	0	0	0
2021-09-21	106207835	80798156	39281867	41086524	429765	9615413	4452010	5142203	21200	12686909	9235282	3451552	75	3107357	3106696	0	661	56075855	49680279	451701	234335	79728	112153	42454	122496	56075855	52787636	451701	0.67435	0.63481	0	0	0	0	0	0	0	0	0	0	0	0	0	0
2021-09-22	106483380	81051387	39358968	41212088	480331	9625336	4453774	5148125	23437	12687772	9235378	3452318	76	3118885	3118211	0	674	56166331	49812531	504518	275545	90476	132252	52817	143767	56166331	52931416	504518	0.67544	0.63654	0	0	0	0	0	0	0	0	0	0	0	0	0	0
2021-09-23	106752075	81298607	39435841	41331028	531738	9633710	4455408	5153320	24982	12688518	9235490	3452950	78	3131240	3130563	0	677	56257302	49937298	557475	268695	90971	124767	52957	137119	56257302	53068538	557475	0.67654	0.63819	0	0	0	0	0	0	0	0	0	0	0	0	0	0
2021-09-24	106992906	81515418	39501480	41445301	568637	9643316	4457155	5159919	26242	12689590	9236007	3453504	79	3144582	3143896	0	686	56338538	50058724	595644	240831	81236	121426	38169	134759	56338538	53203306	595644	0.67751	0.63981	0	0	0	0	0	0	0	0	0	0	0	0	0	0
2021-09-25	107093264	81601045	39525004	41499165	576876	9649582	4458347	5164185	27050	12689674	9236045	3453549	80	3152963	3152272	0	691	56371668	50116899	604697	100358	33130	58175	9053	66551	56371668	53269862	604697	0.67791	0.64061	0	0	0	0	0	0	0	0	0	0	0	0	0	0
2021-09-26	107149938	81649698	39538195	41529135	582368	9653403	4458930	5166988	27485	12689706	9236049	3453577	80	3157131	3156438	0	693	56389612	50149700	610626	56674	17944	32801	5929	36967	56389612	53306831	610626	0.67813	0.64105	0	0	0	0	0	0	0	0	0	0	0	0	0	0
2021-09-27	107301883	81786211	39577456	41599272	609483	9659652	4460311	5170914	28427	12690686	9236680	3453926	80	3165334	3164631	0	703	56439078	50224112	638693	151945	49466	74412	28067	82605	56439078	53389446	638693	0.67872	0.64205	0	0	0	0	0	0	0	0	0	0	0	0	0	0
2021-09-28	107525733	81993918	39639847	41699165	654906	9665421	4461365	5174140	29916	12691453	9237159	3454211	83	3174941	3174238	0	703	56512609	50327516	685608	223850	73531	103404	46915	113011	56512609	53502457	685608	0.67961	0.64341	0	0	0	0	0	0	0	0	0	0	0	0	0	0
2021-09-29	107777439	82228800	39706890	41812974	708936	9671053	4462588	5177466	30999	12692804	9237313	3455402	89	3184782	3184062	0	720	56590853	50445842	740744	251706	78244	118326	55136	128150	56590853	53630624	740744	0.68055	0.64495	0	0	0	0	0	0	0	0	0	0	0	0	0	0
2021-09-30	108021498	82455910	39773202	41925233	757475	9676861	4463849	5180828	32184	12694063	9238116	3455858	89	3194664	3193943	0	721	56669110	50561919	790469	244059	78257	116077	49725	125958	56669110	53756583	790469	0.68149	0.64646	0	0	0	0	0	0	0	0	0	0	0	0	0	0
2021-10-01	108148516	82573845	39810195	41982757	780893	9679753	4464685	5182424	32644	12694298	9238182	3456026	90	3200620	3199883	0	737	56712945	50621207	814364	127018	43835	59288	23895	65228	56712945	53821827	814364	0.68201	0.64725	0	0	0	0	0	0	0	0	0	0	0	0	0	0
2021-10-02	108180283	82600572	39819926	41996566	784080	9681544	4465266	5183429	32849	12694367	9238192	3456084	91	3203800	3203061	0	739	56726445	50636079	817759	31767	13500	14872	3395	18050	56726445	53839879	817759	0.68218	0.64746	0	0	0	0	0	0	0	0	0	0	0	0	0	0
2021-10-03	108194159	82612220	39824002	42002655	785563	9682684	4465540	5184055	33089	12694400	9238194	3456115	91	3204855	3204116	0	739	56731852	50642825	819482	13876	5407	6746	1723	7801	56731852	53847680	819482	0.68224	0.64756	0	0	0	0	0	0	0	0	0	0	0	0	0	0
2021-10-04	108289383	82698376	39849988	42044196	804192	9686117	4466345	5185553	34219	12695132	9238640	3456400	92	3209758	3209017	0	741	56763990	50686149	839244	95224	32138	43324	19762	48225	56763990	53895907	839244	0.68263	0.64814	0	0	0	0	0	0	0	0	0	0	0	0	0	0
2021-10-05	108471342	82870630	39898143	42126691	845796	9689524	4467223	5187286	35015	12695980	9239086	3456800	94	3215208	3214466	0	742	56818918	50770777	881647	181959	54928	84628	42403	90077	56818918	53985985	881647	0.68329	0.64922	0	0	0	0	0	0	0	0	0	0	0	0	0	0
2021-10-06	108675193	83064123	39949155	42217441	897527	9693515	4468216	5189237	36062	12696346	9239277	3456975	94	3221209	3220462	0	747	56877110	50863653	934430	203851	58192	92876	52783	98872	56877110	54084862	934430	0.68399	0.65041	0	0	0	0	0	0	0	0	0	0	0	0	0	0
2021-10-07	108886001	83263679	40003360	42312280	948039	9697659	4469194	5190796	37669	12696594	9239371	3457128	95	3228069	3227315	0	754	56939240	50960204	986557	210808	62130	96551	52127	103404	56939240	54188273	986557	0.68474	0.65165	0	0	0	0	0	0	0	0	0	0	0	0	0	0
2021-10-08	109067620	83432981	40051985	42391838	989158	9701792	4470185	5192569	39038	12698051	9240539	3457416	96	3234796	3234038	0	758	56996747	51041823	1029050	181619	57507	81619	42493	88342	56996747	54276619	1029050	0.68543	0.65272	0	0	0	0	0	0	0	0	0	0	0	0	0	0
2021-10-09	109107799	83467650	40064111	42409490	994049	9704100	4470797	5193950	39353	12698078	9240541	3457441	96	3237971	3237213	0	758	57012662	51060881	1034256	40179	15915	19058	5206	22233	57012662	54298852	1034256	0.68562	0.65298	0	0	0	0	0	0	0	0	0	0	0	0	0	0
2021-10-10	109124890	83482495	40069291	42416927	996277	9704953	4470957	5194474	39522	12698089	9240541	3457452	96	3239353	3238593	0	760	57019382	51068853	1036655	17091	6720	7972	2399	9352	57019382	54308206	1036655	0.6857	0.6531	0	0	0	0	0	0	0	0	0	0	0	0	0	0
2021-10-11	109219882	83569864	40093911	42456775	1019178	9708281	4471770	5195999	40512	12698569	9240870	3457601	98	3243168	3242382	0	786	57048933	51110375	1060574	94992	29551	41522	23919	45311	57048933	54353543	1060574	0.68606	0.65364	0	0	0	0	0	0	0	0	0	0	0	0	0	0
2021-10-12	109397544	83737129	40137363	42531545	1068221	9713187	4472681	5197972	42534	12699352	9241310	3457944	98	3247876	3247088	0	788	57098442	51187461	1111641	177662	49509	77086	51067	81792	57098442	54435337	1111641	0.68665	0.65462	0	0	0	0	0	0	0	0	0	0	0	0	0	0
2021-10-13	109601599	83931068	40186413	42616036	1128619	9718295	4473615	5200342	44338	12699596	9241370	3458127	99	3252640	3251842	0	798	57153240	51274505	1173854	204055	54798	87044	62213	91798	57153240	54527145	1173854	0.68731	0.65573	0	0	0	0	0	0	0	0	0	0	0	0	0	0
2021-10-14	109807745	84126679	40235514	42703094	1188071	9723466	4474558	5202778	46130	12699817	9241486	3458231	100	3257783	3256981	0	802	57208539	51364103	1235103	206146	55299	89598	61249	94737	57208539	54621886	1235103	0.68797	0.65687	0	0	0	0	0	0	0	0	0	0	0	0	0	0
2021-10-15	109976403	84284581	40276939	42773992	1233650	9728625	4475550	5205378	47697	12700195	9241673	3458416	106	3263002	3262198	0	804	57256360	51437786	1282257	168658	47821	73683	47154	78900	57256360	54700788	1282257	0.68855	0.65782	0	0	0	0	0	0	0	0	0	0	0	0	0	0
2021-10-16	110016231	84319314	40288582	42791356	1239376	9731100	4476099	5206850	48151	12700233	9241677	3458450	106	3265584	3264779	0	805	57271137	51456656	1288438	39828	14777	18870	6181	21451	57271137	54722240	1288438	0.68873	0.65807	0	0	0	0	0	0	0	0	0	0	0	0	0	0
2021-10-17	110032652	84332532	40293045	42797525	1241962	9733260	4476284	5208107	48869	12700264	9241689	3458469	106	3266596	3265790	0	806	57276808	51464101	1291743	16421	5671	7445	3305	8456	57276808	54730697	1291743	0.6888	0.65818	0	0	0	0	0	0	0	0	0	0	0	0	0	0
2021-10-18	110123087	84416413	40314657	42832450	1269306	9736794	4476951	5209515	50328	12700381	9241719	3458556	106	3269499	3268684	0	815	57302011	51500521	1320555	90435	25203	36420	28812	39314	57302011	54770020	1320555	0.6891	0.65865	0	0	0	0	0	0	0	0	0	0	0	0	0	0
2021-10-19	110298998	84583306	40354625	42903299	1325382	9741600	4477878	5211289	52433	12700596	9241766	3458724	106	3273496	3272672	0	824	57346941	51573312	1378745	175911	44930	72791	58190	76779	57346941	54846808	1378745	0.68964	0.65957	0	0	0	0	0	0	0	0	0	0	0	0	0	0
2021-10-20	110500379	84775847	40397932	42981483	1396432	9746202	4478742	5213013	54447	12700753	9241785	3458859	109	3277577	3276749	0	828	57395208	51653355	1451816	201381	48267	80043	73071	84120	57395208	54930932	1451816	0.69022	0.66058	0	0	0	0	0	0	0	0	0	0	0	0	0	0
2021-10-21	110703455	84970198	40442208	43059642	1468348	9750624	4479501	5214558	56565	12700955	9241809	3459037	109	3281678	3280834	0	844	57444352	51733237	1525866	203076	49144	79882	74050	83967	57444352	55014915	1525866	0.69081	0.66159	0	0	0	0	0	0	0	0	0	0	0	0	0	0
2021-10-22	110860110	85117748	40477324	43119457	1520967	9755375	4480410	5216478	58487	12701213	9241849	3459251	113	3285774	3284920	0	854	57484503	51795186	1580421	156655	40151	61949	54555	66035	57484503	55080960	1580421	0.69129	0.66239	0	0	0	0	0	0	0	0	0	0	0	0	0	0
2021-10-23	110902239	85154715	40488923	43134924	1530868	9758287	4481089	5217853	59345	12701276	9241854	3459309	113	3287961	3287079	0	882	57498945	51812086	1591208	42129	14442	16900	10787	19059	57498945	55100047	1591208	0.69147	0.66262	0	0	0	0	0	0	0	0	0	0	0	0	0	0
2021-10-24	110916317	85167261	40492629	43140226	1534406	9759006	4481186	5218216	59604	12701283	9241854	3459315	114	3288767	3287883	0	884	57503552	51817757	1595008	14078	4607	5671	3800	6475	57503552	55106524	1595008	0.69152	0.6627	0	0	0	0	0	0	0	0	0	0	0	0	0	0
2021-10-25	111020684	85264754	40515888	43177359	1571507	9762317	4481690	5219524	61103	12701992	9242398	3459479	115	3291621	3290726	0	895	57530702	51856362	1633620	104367	27150	38605	38612	41448	57530702	55147983	1633620	0.69185	0.66319	0	0	0	0	0	0	0	0	0	0	0	0	0	0
2021-10-26	111224406	85459955	40554725	43249651	1655579	9766808	4482357	5220868	63583	12702467	9242737	3459614	116	3295176	3294276	0	900	57574095	51930133	1720178	203722	43393	73771	86558	77321	57574095	55225309	1720178	0.69237	0.66412	0	0	0	0	0	0	0	0	0	0	0	0	0	0
2021-10-27	111459796	85685943	40597843	43328453	1759647	9772841	4483124	5222627	67090	12702605	9242778	3459707	120	3298407	3297467	0	940	57621212	52010787	1827797	235390	47117	80654	107619	83845	57621212	55309194	1827797	0.69294	0.66513	0	0	0	0	0	0	0	0	0	0	0	0	0	0
2021-10-28	111699746	85915775	40641762	43406983	1867030	9778288	4483768	5224080	70440	12703872	9243816	3459933	123	3301811	3300866	0	945	57670212	52090996	1938538	239950	49000	80209	110741	83608	57670212	55392807	1938538	0.69353	0.66614	0	0	0	0	0	0	0	0	0	0	0	0	0	0
2021-10-29	111888364	86094848	40676534	43466971	1951343	9784136	4484494	5225683	73959	12704538	9244285	3460128	125	3304842	3303894	0	948	57709207	52152782	2026375	188618	38995	61786	87837	64814	57709207	55457624	2026375	0.694	0.66692	0	0	0	0	0	0	0	0	0	0	0	0	0	0